-- phpMyAdmin SQL Dump
-- version 5.2.1
-- https://www.phpmyadmin.net/
--
-- Host: 127.0.0.1
-- Generation Time: Feb 22, 2025 at 01:51 PM
-- Server version: 10.4.32-MariaDB
-- PHP Version: 8.1.25

SET SQL_MODE = "NO_AUTO_VALUE_ON_ZERO";
START TRANSACTION;
SET time_zone = "+00:00";


/*!40101 SET @OLD_CHARACTER_SET_CLIENT=@@CHARACTER_SET_CLIENT */;
/*!40101 SET @OLD_CHARACTER_SET_RESULTS=@@CHARACTER_SET_RESULTS */;
/*!40101 SET @OLD_COLLATION_CONNECTION=@@COLLATION_CONNECTION */;
/*!40101 SET NAMES utf8mb4 */;

--
-- Database: `db_perpus`
--

-- --------------------------------------------------------

--
-- Table structure for table `buku`
--

CREATE TABLE `buku` (
  `ID_buku` int(11) NOT NULL,
  `Judul_Buku` varchar(50) DEFAULT NULL,
  `Penulis` varchar(50) DEFAULT NULL,
  `Kategori` varchar(30) DEFAULT NULL,
  `Stok` int(11) DEFAULT NULL
) ENGINE=InnoDB DEFAULT CHARSET=utf8mb4 COLLATE=utf8mb4_general_ci;

--
-- Dumping data for table `buku`
--

INSERT INTO `buku` (`ID_buku`, `Judul_Buku`, `Penulis`, `Kategori`, `Stok`) VALUES
(1, 'Algoritma dan Pemrograman', 'Andi Wijaya', 'Teknologi', 5),
(2, 'Dasar-Dasar Database', 'Budi Santoso', 'Teknologi', 7),
(3, 'Matematika Diskrit', 'Rina Sari', 'Matematika', 4),
(4, 'Sejarah Dunia', 'John Smith', 'Sejarah', 3),
(5, 'Pemrograman Web dengan PHP', 'Eko Prasetyo', 'Teknologi', 8),
(6, 'Sistem Operasi', 'Dian Kurniawan', 'Teknologi', 6),
(7, 'Jaringan komputer', 'Ahmad Fauzi', 'Teknologi', 5),
(8, 'Cerita Rakyat Nusantara', 'Lestari Dewi', 'Sastra', 9),
(9, 'Bahasa Inggris untuk Pemula', 'Jane Doe', 'Bahasa', 10),
(10, 'Biologi Dasar', 'Budi Rahman', 'Sains', 7),
(11, 'Kimia Organik', 'Siti Aminah', 'Sains', 5),
(12, 'Teknik Elektro', 'Ridwan Hakim', 'Teknik', 6),
(13, 'Fisika Modern', 'Albert Einstein', 'Sains', 4),
(14, 'Manajemen Waktu', 'Steven Covey', 'Pengembangan', 8),
(15, 'Strategi Belajar Efektif', 'Tony Buzan', 'Pendidikan', 6);

-- --------------------------------------------------------

--
-- Table structure for table `peminjaman`
--

CREATE TABLE `peminjaman` (
  `ID_peminjaman` int(11) NOT NULL,
  `ID_siswa` int(11) DEFAULT NULL,
  `ID_buku` int(11) DEFAULT NULL,
  `Tanggal_Peminjaman` date DEFAULT NULL,
  `Tanggal_Kembali` date DEFAULT NULL,
  `Status` varchar(30) DEFAULT NULL
) ENGINE=InnoDB DEFAULT CHARSET=utf8mb4 COLLATE=utf8mb4_general_ci;

--
-- Dumping data for table `peminjaman`
--

INSERT INTO `peminjaman` (`ID_peminjaman`, `ID_siswa`, `ID_buku`, `Tanggal_Peminjaman`, `Tanggal_Kembali`, `Status`) VALUES
(1, 11, 2, '2025-02-01', '2025-02-08', 'Dipinjam'),
(2, 2, 5, '2025-01-28', '2025-02-04', 'Dikembalikan'),
(3, 3, 8, '2025-02-02', '2025-02-09', 'Dipinjam'),
(4, 4, 10, '2025-01-30', '2025-02-06', 'Dikembalikan'),
(5, 5, 3, '2025-01-25', '2025-02-01', 'Dikembalikan'),
(6, 15, 7, '2025-02-01', '2025-02-08', 'Dipinjam'),
(7, 7, 1, '2025-01-29', '2025-02-05', 'Dikembalikan'),
(8, 8, 9, '2025-02-03', '2025-02-10', 'Dipinjam'),
(9, 13, 4, '2025-01-27', '2025-02-03', 'Dikembalikan'),
(10, 10, 11, '2025-02-01', '2025-02-08', 'Dipinjam');

--
-- Triggers `peminjaman`
--
DELIMITER $$
CREATE TRIGGER `kurangi_stok` AFTER UPDATE ON `peminjaman` FOR EACH ROW BEGIN
    IF NEW.status = 'Dipinjam' THEN
        UPDATE buku SET stok = stok - 1 WHERE ID_buku = NEW.id_buku;
    END IF;
END
$$
DELIMITER ;
DELIMITER $$
CREATE TRIGGER `tambah_stok` AFTER UPDATE ON `peminjaman` FOR EACH ROW BEGIN
    IF NEW.status = 'Dikembalikan' THEN
        UPDATE buku SET stok = stok + 1 WHERE ID_buku = NEW.id_buku;
    END IF;
END
$$
DELIMITER ;

-- --------------------------------------------------------

--
-- Table structure for table `siswa`
--

CREATE TABLE `siswa` (
  `ID_siswa` int(11) NOT NULL,
  `Nama` varchar(50) DEFAULT NULL,
  `Kelas` varchar(50) DEFAULT NULL
) ENGINE=InnoDB DEFAULT CHARSET=utf8mb4 COLLATE=utf8mb4_general_ci;

--
-- Dumping data for table `siswa`
--

INSERT INTO `siswa` (`ID_siswa`, `Nama`, `Kelas`) VALUES
(1, 'Andi Saputra', 'X-RPL'),
(2, 'Budi Wijaya', 'X-TKJ'),
(3, 'Citra Lestari', 'XI-RPL'),
(4, 'Dewi Kurniawan', 'XI-TKJ'),
(5, 'Eko Prasetyo', 'XII-RPL'),
(6, 'Farhan Maulana', 'XII-TKJ'),
(7, 'Gita Permata', 'X-RPL'),
(8, 'Hadi Sucipto', 'X-TKJ'),
(9, 'Intan Permadi', 'XI-RPL'),
(10, 'Joko Santoso', 'XI-TKJ'),
(11, 'Kartika Sari', 'XII-RPL'),
(12, 'Lintang Putri', 'XII-TKJ'),
(13, 'Muhammad Rizky', 'X-RPL'),
(14, 'Novi Andriana', 'X-TKJ'),
(15, 'Olivia Hernanda', 'XI-RPL');

--
-- Indexes for dumped tables
--

--
-- Indexes for table `buku`
--
ALTER TABLE `buku`
  ADD PRIMARY KEY (`ID_buku`);

--
-- Indexes for table `peminjaman`
--
ALTER TABLE `peminjaman`
  ADD PRIMARY KEY (`ID_peminjaman`);

--
-- Indexes for table `siswa`
--
ALTER TABLE `siswa`
  ADD PRIMARY KEY (`ID_siswa`);

--
-- AUTO_INCREMENT for dumped tables
--

--
-- AUTO_INCREMENT for table `buku`
--
ALTER TABLE `buku`
  MODIFY `ID_buku` int(11) NOT NULL AUTO_INCREMENT, AUTO_INCREMENT=16;

--
-- AUTO_INCREMENT for table `peminjaman`
--
ALTER TABLE `peminjaman`
  MODIFY `ID_peminjaman` int(11) NOT NULL AUTO_INCREMENT, AUTO_INCREMENT=11;

--
-- AUTO_INCREMENT for table `siswa`
--
ALTER TABLE `siswa`
  MODIFY `ID_siswa` int(11) NOT NULL AUTO_INCREMENT, AUTO_INCREMENT=16;
COMMIT;

/*!40101 SET CHARACTER_SET_CLIENT=@OLD_CHARACTER_SET_CLIENT */;
/*!40101 SET CHARACTER_SET_RESULTS=@OLD_CHARACTER_SET_RESULTS */;
/*!40101 SET COLLATION_CONNECTION=@OLD_COLLATION_CONNECTION */;
